proc_var,limit,type,dead_band,delay_time
1,1.01757249070751,HIGH,NaN,NaN
2,3779.73375648857,HIGH,NaN,NaN
3,4781.16985670566,HIGH,NaN,NaN
8,66.8864730984903,HIGH,NaN,NaN
9,122.923491984624,HIGH,NaN,NaN
21,104.130936508338,HIGH,NaN,NaN
