,tp_rate,fp_rate,precisao
0,0.6666666666666666,0.014492753623188406,0.6666666666666666
