,tp_rate,fp_rate,precisao
0,0.3333333333333333,0.007246376811594203,0.6666666666666666
