proc_var,limit,type,dead_band,delay_time
1,0.275280370085473,HIGH,NaN,NaN
2,3742.19150182541,HIGH,NaN,NaN
3,4747.68856739562,HIGH,NaN,NaN
8,66.8133848242534,HIGH,NaN,NaN
9,122.918247824713,HIGH,NaN,NaN
21,104.624092700486,HIGH,NaN,NaN
