,tp_rate,fp_rate,precisao
0,0.3333333333333333,0.015873015873015872,0.5
