,tp_rate,fp_rate,precisao,fn_rate,total_error
0,0.3333333333333333,0.008771929824561403,0.6666666666666666,0.6666666666666667,0.041666666666666664
