,tp_rate,fp_rate,precisao
0,0.6666666666666666,0.023809523809523808,0.5714285714285714
