,tp_rate,fp_rate,precisao,fn_rate,total_error,f1_score
0,0.6666666666666666,0.02631578947368421,0.5714285714285714,0.33333333333333337,0.041666666666666664,0.6153846153846153
