,tp_rate,fp_rate,precisao,fn_rate,total_error,f1_score
0,0.3333333333333333,0.017543859649122806,0.5,0.6666666666666667,0.05,0.4
