,tp_rate,fp_rate,precisao
0,0.3333333333333333,0.014492753623188406,0.5
