,tp_rate,fp_rate,precisao
0,0.6666666666666666,0.021739130434782608,0.5714285714285714
