,tp_rate,fp_rate,precisao,fn_rate,total_error,f1_score
0,0.3333333333333333,0.02631578947368421,0.4,0.6666666666666667,0.058333333333333334,0.3636363636363636
