,tp_rate,fp_rate,precisao,fn_rate,total_error,f1_score
0,0.5,0.03508771929824561,0.42857142857142855,0.5,0.058333333333333334,0.4615384615384615
