,tp_rate,fp_rate,precisao,fn_rate,total_error,f1_score
0,0.5,0.05263157894736842,0.3333333333333333,0.5,0.075,0.4
