,tp_rate,fp_rate,precisao,fn_rate,total_error
0,0.5,0.008771929824561403,0.75,0.5,0.03333333333333333
