,tp_rate,fp_rate,precisao
0,0.3333333333333333,0.021739130434782608,0.4
