,tp_rate,fp_rate,precisao
0,0.5,0.028985507246376812,0.42857142857142855
