,tp_rate,fp_rate,precisao,fn_rate,total_error,f1_score
0,0.5,0.017543859649122806,0.6,0.5,0.041666666666666664,0.5454545454545454
