,tp_rate,fp_rate,precisao,fn_rate,total_error,f1_score
0,0.6666666666666666,0.017543859649122806,0.6666666666666666,0.33333333333333337,0.03333333333333333,0.6666666666666666
