proc_var,limit,type,dead_band,delay_time
1,0.0128913406266964,LOW,NaN,NaN
2,3664.74016197393,HIGH,NaN,NaN
3,4458.01221366122,HIGH,NaN,NaN
8,65.4585118929579,HIGH,NaN,NaN
9,122.900517709996,HIGH,NaN,NaN
21,102.616205861026,HIGH,NaN,NaN
